{"cameraMode":{"drawMode":0,"name":"Shaded","section":"Shading Mode"},"sceneLighting":true,"audioPlay":false,"sceneViewState":{"m_AlwaysRefresh":false,"showFog":true,"showSkybox":true,"showFlares":true,"showImageEffects":true,"showParticleSystems":true,"showVisualEffectGraphs":true,"m_FxEnabled":true},"in2DMode":false,"pivot":{"x":-0.33172106742858889,"y":-11.896225929260254,"z":-9.662336349487305},"rotation":{"x":-0.013594287447631359,"y":0.962925374507904,"z":-0.26495295763015749,"w":-0.04944365471601486},"size":17.24205207824707,"orthographic":false}