{"cameraMode":{"drawMode":0,"name":"Shaded","section":"Shading Mode"},"sceneLighting":false,"audioPlay":false,"sceneViewState":{"m_AlwaysRefresh":false,"showFog":true,"showSkybox":true,"showFlares":true,"showImageEffects":true,"showParticleSystems":true,"showVisualEffectGraphs":true,"m_FxEnabled":true},"in2DMode":false,"pivot":{"x":12.302828788757325,"y":-11.082479476928711,"z":-36.38814926147461},"rotation":{"x":0.022114962339401246,"y":0.9747324585914612,"z":-0.1925269514322281,"w":0.11189718544483185},"size":33.35795593261719,"orthographic":false}